{"v":"5.5.7","meta":{"g":"LottieFiles AE 0.1.21","a":"","k":"","d":"","tc":"#ffffff"},"fr":60,"ip":0,"op":300,"w":1000,"h":1000,"nm":"Frame 33680","ddd":0,"assets":[{"id":"comp_0","layers":[{"ddd":0,"ind":1,"ty":4,"nm":"Vector","sr":1,"ks":{"o":{"a":1,"k":[{"i":{"x":[0.833],"y":[0.833]},"o":{"x":[0.167],"y":[0.167]},"t":0,"s":[0]},{"t":45,"s":[100]}],"ix":11},"r":{"a":0,"k":0,"ix":10},"p":{"a":0,"k":[861,52.376,0],"ix":2},"a":{"a":0,"k":[0,0,0],"ix":1},"s":{"a":0,"k":[100,100,100],"ix":6}},"ao":0,"shapes":[{"ty":"gr","it":[{"ind":0,"ty":"sh","ix":1,"ks":{"a":0,"k":{"i":[[0,0],[0,0],[0,0],[0,2.848],[0,0],[-6.805,0],[0,0],[0,0],[0,0],[0,0],[3.379,0]],"o":[[0,0],[0,0],[0.062,-2.895],[0,0],[6.82,0.078],[0,0],[0,0],[0,0],[0,0],[-3.364,0.093],[0,0]],"v":[[0.031,8.341],[-20.583,8.777],[-20.352,-0.093],[-20.151,-8.699],[-20.583,-8.279],[-0.154,-8.03],[20.275,-7.859],[19.519,-8.637],[19.596,8.777],[20.275,8.077],[10.184,8.17]],"c":true},"ix":2},"nm":"Path 1","mn":"ADBE Vector Shape - Group","hd":false},{"ind":1,"ty":"sh","ix":2,"ks":{"a":0,"k":{"i":[[0,-2.91],[0,0],[0,0],[0,0],[-3.441,0],[0,0],[0,0],[0,0],[0,0],[0,0],[0,0],[6.82,-0.078],[0,0],[0,0]],"o":[[0,0],[0,0],[0,0],[3.441,0],[0,0],[0,0],[0,0],[0,0],[0,0],[0,0],[-6.805,0],[0,0],[0,0],[0.031,2.941]],"v":[[-20.799,0.156],[-20.583,8.777],[-0.386,9.291],[9.891,9.477],[20.213,9.477],[20.969,9.477],[20.969,8.777],[21,-8.684],[21,-9.477],[20.213,-9.477],[-0.154,-9.369],[-20.583,-9.12],[-21,-9.12],[-21,-8.637]],"c":true},"ix":2},"nm":"Path 2","mn":"ADBE Vector Shape - Group","hd":false},{"ty":"mm","mm":1,"nm":"Merge Paths 1","mn":"ADBE Vector Filter - Merge","hd":false},{"ty":"fl","c":{"a":0,"k":[0.862500011921,0.862500011921,0.862500011921,1],"ix":4},"o":{"a":0,"k":100,"ix":5},"r":1,"bm":0,"nm":"Fill 1","mn":"ADBE Vector Graphic - Fill","hd":false},{"ty":"tr","p":{"a":0,"k":[0,0],"ix":2},"a":{"a":0,"k":[0,0],"ix":1},"s":{"a":0,"k":[300,300],"ix":3},"r":{"a":0,"k":0,"ix":6},"o":{"a":0,"k":100,"ix":7},"sk":{"a":0,"k":0,"ix":4},"sa":{"a":0,"k":0,"ix":5},"nm":"Transform"}],"nm":"Vector","np":4,"cix":2,"bm":0,"ix":1,"mn":"ADBE Vector Group","hd":false}],"ip":0,"op":300,"st":0,"bm":0},{"ddd":0,"ind":2,"ty":4,"nm":"Vector","sr":1,"ks":{"o":{"a":1,"k":[{"i":{"x":[0.833],"y":[0.833]},"o":{"x":[0.167],"y":[0.167]},"t":45,"s":[0]},{"t":90,"s":[100]}],"ix":11},"r":{"a":0,"k":0,"ix":10},"p":{"a":0,"k":[64.5,91.283,0],"ix":2},"a":{"a":0,"k":[0,0,0],"ix":1},"s":{"a":0,"k":[-100,-100,100],"ix":6}},"ao":0,"shapes":[{"ty":"gr","it":[{"ind":0,"ty":"sh","ix":1,"ks":{"a":0,"k":{"i":[[0,0],[0,0],[0,0],[0,0]],"o":[[0,0],[0,0],[0,0],[0,0]],"v":[[14.5,-6.485],[-14.5,-6.485],[-14.5,6.485],[14.5,6.485]],"c":true},"ix":2},"nm":"Path 1","mn":"ADBE Vector Shape - Group","hd":false},{"ty":"fl","c":{"a":0,"k":[0.862500011921,0.862500011921,0.862500011921,1],"ix":4},"o":{"a":0,"k":100,"ix":5},"r":1,"bm":0,"nm":"Fill 1","mn":"ADBE Vector Graphic - Fill","hd":false},{"ty":"tr","p":{"a":0,"k":[0,0],"ix":2},"a":{"a":0,"k":[0,0],"ix":1},"s":{"a":0,"k":[300,300],"ix":3},"r":{"a":0,"k":0,"ix":6},"o":{"a":0,"k":100,"ix":7},"sk":{"a":0,"k":0,"ix":4},"sa":{"a":0,"k":0,"ix":5},"nm":"Transform"}],"nm":"Vector","np":2,"cix":2,"bm":0,"ix":1,"mn":"ADBE Vector Group","hd":false}],"ip":0,"op":300,"st":0,"bm":0},{"ddd":0,"ind":3,"ty":4,"nm":"Vector","sr":1,"ks":{"o":{"a":1,"k":[{"i":{"x":[0.833],"y":[0.833]},"o":{"x":[0.167],"y":[0.167]},"t":15,"s":[0]},{"t":60,"s":[100]}],"ix":11},"r":{"a":0,"k":0,"ix":10},"p":{"a":0,"k":[114,44.893,0],"ix":2},"a":{"a":0,"k":[0,0,0],"ix":1},"s":{"a":0,"k":[100,100,100],"ix":6}},"ao":0,"shapes":[{"ty":"gr","it":[{"ind":0,"ty":"sh","ix":1,"ks":{"a":0,"k":{"i":[[0,0],[0,0],[0,0],[0,2.117],[0,0],[-4.864,0],[0,0],[0,0],[0,0],[0,0],[2.41,0]],"o":[[0,0],[0,0],[0.044,-2.14],[0,0],[4.853,0.058],[0,0],[0,0],[0,0],[0,0],[-2.399,0],[0,0]],"v":[[0,6.155],[-14.692,6.466],[-14.505,-0.035],[-14.362,-6.408],[-14.659,-6.086],[-0.088,-5.902],[14.45,-5.775],[13.899,-6.351],[13.955,6.523],[14.45,6.017],[7.241,6.017]],"c":true},"ix":2},"nm":"Path 1","mn":"ADBE Vector Shape - Group","hd":false},{"ind":1,"ty":"sh","ix":2,"ks":{"a":0,"k":{"i":[[0,-2.151],[0,0],[0,0],[0,0],[-2.454,0],[0,0],[0,0],[0,0],[0,0],[0,0],[0,0],[4.853,0],[0,0],[0,0]],"o":[[0,0],[0,0],[0,0],[2.454,0.069],[0,0],[0,0],[0,0],[0,0],[0,0],[0,0],[-4.864,0],[0,0],[0,0],[0.022,2.186]],"v":[[-14.857,0.104],[-14.692,6.466],[-0.253,6.788],[7.076,6.914],[14.45,6.983],[14.934,6.983],[14.934,6.466],[15,-6.408],[15,-6.983],[14.45,-6.983],[-0.121,-6.903],[-14.692,-6.719],[-15,-6.719],[-15,-6.408]],"c":true},"ix":2},"nm":"Path 2","mn":"ADBE Vector Shape - Group","hd":false},{"ty":"mm","mm":1,"nm":"Merge Paths 1","mn":"ADBE Vector Filter - Merge","hd":false},{"ty":"fl","c":{"a":0,"k":[0.862500011921,0.862500011921,0.862500011921,1],"ix":4},"o":{"a":0,"k":100,"ix":5},"r":1,"bm":0,"nm":"Fill 1","mn":"ADBE Vector Graphic - Fill","hd":false},{"ty":"tr","p":{"a":0,"k":[0,0],"ix":2},"a":{"a":0,"k":[0,0],"ix":1},"s":{"a":0,"k":[300,300],"ix":3},"r":{"a":0,"k":0,"ix":6},"o":{"a":0,"k":100,"ix":7},"sk":{"a":0,"k":0,"ix":4},"sa":{"a":0,"k":0,"ix":5},"nm":"Transform"}],"nm":"Vector","np":4,"cix":2,"bm":0,"ix":1,"mn":"ADBE Vector Group","hd":false}],"ip":0,"op":300,"st":0,"bm":0},{"ddd":0,"ind":4,"ty":4,"nm":"Vector","sr":1,"ks":{"o":{"a":1,"k":[{"i":{"x":[0.833],"y":[0.833]},"o":{"x":[0.167],"y":[0.167]},"t":31,"s":[0]},{"t":76,"s":[100]}],"ix":11},"r":{"a":0,"k":0,"ix":10},"p":{"a":0,"k":[721.5,395.062,0],"ix":2},"a":{"a":0,"k":[0,0,0],"ix":1},"s":{"a":0,"k":[100,100,100],"ix":6}},"ao":0,"shapes":[{"ty":"gr","it":[{"ind":0,"ty":"sh","ix":1,"ks":{"a":0,"k":{"i":[[0,0],[0,0],[0,0],[0,-2.404],[0,0],[5.984,0],[0,0],[0,0],[0,0],[0,0],[-2.971,0]],"o":[[0,0],[0,0],[-0.054,2.444],[0,0],[-5.997,-0.066],[0,0],[0,0],[0,0],[0,0],[2.958,0],[0,0]],"v":[[0.007,-6.996],[18.134,-7.35],[17.93,0.007],[17.754,7.272],[18.134,6.917],[0.17,6.707],[-17.794,6.628],[-17.116,7.272],[-17.197,-7.416],[-17.794,-6.838],[-8.921,-6.838]],"c":true},"ix":2},"nm":"Path 1","mn":"ADBE Vector Shape - Group","hd":false},{"ind":1,"ty":"sh","ix":2,"ks":{"a":0,"k":{"i":[[0,2.457],[0,0],[0,0],[0,0],[3.026,0],[0,0],[0,0],[0,0],[0,0],[0,0],[0,0],[-5.997,0.066],[0,0],[0,0]],"o":[[0,0],[0,0],[0,0],[-3.026,-0.066],[0,0],[0,0],[0,0],[0,0],[0,0],[0,0],[5.984,0],[0,0],[0,0],[-0.027,-2.483]],"v":[[18.324,-0.085],[18.134,-7.35],[0.292,-7.758],[-8.745,-7.915],[-17.822,-7.981],[-18.432,-7.981],[-18.432,-7.377],[-18.5,7.311],[-18.5,7.981],[-17.794,7.981],[0.17,7.902],[18.134,7.692],[18.5,7.692],[18.5,7.337]],"c":true},"ix":2},"nm":"Path 2","mn":"ADBE Vector Shape - Group","hd":false},{"ty":"mm","mm":1,"nm":"Merge Paths 1","mn":"ADBE Vector Filter - Merge","hd":false},{"ty":"fl","c":{"a":0,"k":[0.862500011921,0.862500011921,0.862500011921,1],"ix":4},"o":{"a":0,"k":100,"ix":5},"r":1,"bm":0,"nm":"Fill 1","mn":"ADBE Vector Graphic - Fill","hd":false},{"ty":"tr","p":{"a":0,"k":[0,0],"ix":2},"a":{"a":0,"k":[0,0],"ix":1},"s":{"a":0,"k":[300,300],"ix":3},"r":{"a":0,"k":0,"ix":6},"o":{"a":0,"k":100,"ix":7},"sk":{"a":0,"k":0,"ix":4},"sa":{"a":0,"k":0,"ix":5},"nm":"Transform"}],"nm":"Vector","np":4,"cix":2,"bm":0,"ix":1,"mn":"ADBE Vector Group","hd":false}],"ip":0,"op":300,"st":0,"bm":0},{"ddd":0,"ind":5,"ty":4,"nm":"Vector","sr":1,"ks":{"o":{"a":1,"k":[{"i":{"x":[0.833],"y":[0.833]},"o":{"x":[0.167],"y":[0.167]},"t":60,"s":[0]},{"i":{"x":[0.833],"y":[0.833]},"o":{"x":[0.167],"y":[0.167]},"t":75,"s":[0]},{"i":{"x":[0.833],"y":[0.833]},"o":{"x":[0.167],"y":[0.167]},"t":105,"s":[100]},{"t":120,"s":[100]}],"ix":11},"r":{"a":0,"k":0,"ix":10},"p":{"a":0,"k":[603,395.062,0],"ix":2},"a":{"a":0,"k":[0,0,0],"ix":1},"s":{"a":0,"k":[100,100,100],"ix":6}},"ao":0,"shapes":[{"ty":"gr","it":[{"ind":0,"ty":"sh","ix":1,"ks":{"a":0,"k":{"i":[[0,0],[0,0],[0,0],[0,-2.404],[0,0],[5.837,0],[0,0],[0,0],[0,0],[0,0],[-2.892,0]],"o":[[0,0],[0,0],[-0.053,2.444],[0,0],[-5.824,-0.066],[0,0],[0,0],[0,0],[0,0],[2.879,0],[0,0]],"v":[[0,-6.996],[17.63,-7.35],[17.379,0.007],[17.208,7.272],[17.564,6.917],[0.079,6.707],[-17.406,6.628],[-16.745,7.272],[-16.745,-7.416],[-17.34,-6.838],[-8.69,-6.838]],"c":true},"ix":2},"nm":"Path 1","mn":"ADBE Vector Shape - Group","hd":false},{"ind":1,"ty":"sh","ix":2,"ks":{"a":0,"k":{"i":[[0.066,2.457],[0,0],[0,0],[0,0],[2.945,0],[0,0],[0,0],[0,0],[0,0],[0,0],[0,0],[-5.824,0.066],[0,0],[0,0]],"o":[[0,0],[0,0],[0,0],[-2.945,-0.066],[0,0],[0,0],[0,0],[0,0],[0,0],[0,0],[5.837,0],[0,0],[0,0],[-0.026,-2.483]],"v":[[17.815,-0.085],[17.63,-7.35],[0.357,-7.758],[-8.439,-7.915],[-17.287,-7.981],[-17.921,-7.981],[-17.921,-7.377],[-18,7.311],[-18,7.981],[-17.34,7.981],[0.145,7.902],[17.63,7.692],[18,7.692],[18,7.337]],"c":true},"ix":2},"nm":"Path 2","mn":"ADBE Vector Shape - Group","hd":false},{"ty":"mm","mm":1,"nm":"Merge Paths 1","mn":"ADBE Vector Filter - Merge","hd":false},{"ty":"fl","c":{"a":0,"k":[0.862500011921,0.862500011921,0.862500011921,1],"ix":4},"o":{"a":0,"k":100,"ix":5},"r":1,"bm":0,"nm":"Fill 1","mn":"ADBE Vector Graphic - Fill","hd":false},{"ty":"tr","p":{"a":0,"k":[0,0],"ix":2},"a":{"a":0,"k":[0,0],"ix":1},"s":{"a":0,"k":[300,300],"ix":3},"r":{"a":0,"k":0,"ix":6},"o":{"a":0,"k":100,"ix":7},"sk":{"a":0,"k":0,"ix":4},"sa":{"a":0,"k":0,"ix":5},"nm":"Transform"}],"nm":"Vector","np":4,"cix":2,"bm":0,"ix":1,"mn":"ADBE Vector Group","hd":false}],"ip":0,"op":300,"st":0,"bm":0},{"ddd":0,"ind":6,"ty":4,"nm":"Vector","sr":1,"ks":{"o":{"a":1,"k":[{"i":{"x":[0.833],"y":[0.833]},"o":{"x":[0.167],"y":[0.167]},"t":21,"s":[0]},{"t":66,"s":[100]}],"ix":11},"r":{"a":0,"k":0,"ix":10},"p":{"a":0,"k":[663,450.431,0],"ix":2},"a":{"a":0,"k":[0,0,0],"ix":1},"s":{"a":0,"k":[100,100,100],"ix":6}},"ao":0,"shapes":[{"ty":"gr","it":[{"ind":0,"ty":"sh","ix":1,"ks":{"a":0,"k":{"i":[[0,0],[0,0],[0,0],[0,0]],"o":[[0,0],[0,0],[0,0],[0,0]],"v":[[18,-7.482],[-18,-7.482],[-18,7.482],[18,7.482]],"c":true},"ix":2},"nm":"Path 1","mn":"ADBE Vector Shape - Group","hd":false},{"ty":"fl","c":{"a":0,"k":[0.862500011921,0.862500011921,0.862500011921,1],"ix":4},"o":{"a":0,"k":100,"ix":5},"r":1,"bm":0,"nm":"Fill 1","mn":"ADBE Vector Graphic - Fill","hd":false},{"ty":"tr","p":{"a":0,"k":[0,0],"ix":2},"a":{"a":0,"k":[0,0],"ix":1},"s":{"a":0,"k":[300,300],"ix":3},"r":{"a":0,"k":0,"ix":6},"o":{"a":0,"k":100,"ix":7},"sk":{"a":0,"k":0,"ix":4},"sa":{"a":0,"k":0,"ix":5},"nm":"Transform"}],"nm":"Vector","np":2,"cix":2,"bm":0,"ix":1,"mn":"ADBE Vector Group","hd":false}],"ip":0,"op":300,"st":0,"bm":0},{"ddd":0,"ind":7,"ty":4,"nm":"Vector","sr":1,"ks":{"o":{"a":1,"k":[{"i":{"x":[0.833],"y":[0.833]},"o":{"x":[0.167],"y":[0.167]},"t":7,"s":[0]},{"t":52,"s":[100]}],"ix":11},"r":{"a":0,"k":0,"ix":10},"p":{"a":0,"k":[534,152.638,0],"ix":2},"a":{"a":0,"k":[0,0,0],"ix":1},"s":{"a":0,"k":[100,100,100],"ix":6}},"ao":0,"shapes":[{"ty":"gr","it":[{"ind":0,"ty":"sh","ix":1,"ks":{"a":0,"k":{"i":[[0,0],[0,0],[0,0],[0.172,-0.331],[-0.026,-0.373],[0,-0.205],[0,-0.205],[-0.172,-0.33],[-0.318,-0.191],[0,0],[0,0],[0,0],[0.371,-0.014],[0.308,-0.208],[0.38,-0.195],[0.196,-0.316],[0.002,-0.372],[0,0],[0,0],[0,0],[0.196,0.316],[0.331,0.166],[0.35,0.225],[0.373,0.014],[0.325,-0.185],[0,0],[0,0],[0,0],[-0.172,0.329],[0.03,0.37],[0,0.215],[0,0.205],[0.172,0.331],[0.319,0.192],[0,0],[0,0],[0,0],[-0.371,0.012],[-0.309,0.207],[-0.374,0.193],[-0.198,0.317],[0.004,0.374],[0,0],[0,0],[0,0],[-0.2,-0.324],[-0.341,-0.166],[-0.354,-0.233],[-0.371,-0.012],[-0.322,0.186]],"o":[[0,0],[0,0],[-0.319,0.192],[-0.172,0.331],[0,0.205],[0,0.205],[-0.025,0.371],[0.172,0.33],[0,0],[0,0],[0,0],[-0.323,-0.185],[-0.371,0.014],[-0.35,0.225],[-0.331,0.166],[-0.196,0.316],[0,0],[0,0],[0,0],[-0.002,-0.372],[-0.196,-0.316],[-0.38,-0.195],[-0.31,-0.208],[-0.373,-0.014],[0,0],[0,0],[0,0],[0.321,-0.185],[0.172,-0.329],[0,-0.205],[0,-0.215],[0.026,-0.373],[-0.172,-0.331],[0,0],[0,0],[0,0],[0.322,0.186],[0.371,-0.012],[0.352,-0.23],[0.338,-0.159],[0.198,-0.317],[0,0],[0,0],[0,0],[-0.003,0.381],[0.2,0.324],[0.378,0.191],[0.309,0.207],[0.371,0.012],[0,0]],"v":[[10.775,-11.133],[15,-3.783],[12.732,-2.483],[11.982,-1.682],[11.759,-0.606],[11.759,0.02],[11.759,0.645],[11.983,1.717],[12.732,2.512],[14.981,3.812],[10.756,11.162],[8.507,9.862],[7.445,9.601],[6.405,9.94],[5.315,10.576],[4.508,11.313],[4.205,12.365],[4.205,14.964],[-4.225,14.964],[-4.225,12.365],[-4.528,11.313],[-5.334,10.576],[-6.424,9.94],[-7.47,9.601],[-8.537,9.862],[-10.775,11.162],[-15,3.812],[-12.751,2.502],[-11.996,1.716],[-11.778,0.645],[-11.778,0.02],[-11.778,-0.606],[-12.001,-1.682],[-12.751,-2.483],[-15,-3.783],[-10.795,-11.172],[-8.556,-9.872],[-7.495,-9.605],[-6.454,-9.94],[-5.363,-10.576],[-4.542,-11.305],[-4.244,-12.365],[-4.244,-14.964],[4.205,-14.964],[4.205,-12.365],[4.506,-11.287],[5.334,-10.537],[6.434,-9.901],[7.476,-9.566],[8.537,-9.833]],"c":true},"ix":2},"nm":"Path 1","mn":"ADBE Vector Shape - Group","hd":false},{"ind":1,"ty":"sh","ix":2,"ks":{"a":0,"k":{"i":[[-0.762,1.142],[-0.002,1.374],[0,0],[1.297,1.297],[1.83,0],[1.138,-0.763],[0.524,-1.269],[-0.266,-1.348],[-0.967,-0.972],[-1.342,-0.269],[-1.265,0.524]],"o":[[0.762,-1.142],[0,0],[-0.008,-1.838],[-1.297,-1.297],[-1.368,0],[-1.138,0.763],[-0.524,1.269],[0.266,1.348],[0.967,0.972],[1.342,0.269],[1.265,-0.524]],"v":[[5.75,3.878],[6.921,0.02],[6.921,-0.02],[4.883,-4.915],[0,-6.94],[-3.844,-5.769],[-6.393,-2.652],[-6.789,1.362],[-4.897,4.92],[-1.356,6.825],[2.642,6.433]],"c":true},"ix":2},"nm":"Path 2","mn":"ADBE Vector Shape - Group","hd":false},{"ty":"mm","mm":1,"nm":"Merge Paths 1","mn":"ADBE Vector Filter - Merge","hd":false},{"ty":"fl","c":{"a":0,"k":[0.862500011921,0.862500011921,0.862500011921,1],"ix":4},"o":{"a":0,"k":100,"ix":5},"r":1,"bm":0,"nm":"Fill 1","mn":"ADBE Vector Graphic - Fill","hd":false},{"ty":"tr","p":{"a":0,"k":[0,0],"ix":2},"a":{"a":0,"k":[0,0],"ix":1},"s":{"a":0,"k":[300,300],"ix":3},"r":{"a":0,"k":0,"ix":6},"o":{"a":0,"k":100,"ix":7},"sk":{"a":0,"k":0,"ix":4},"sa":{"a":0,"k":0,"ix":5},"nm":"Transform"}],"nm":"Vector","np":4,"cix":2,"bm":0,"ix":1,"mn":"ADBE Vector Group","hd":false}],"ip":0,"op":300,"st":0,"bm":0},{"ddd":0,"ind":8,"ty":4,"nm":"Vector","sr":1,"ks":{"o":{"a":1,"k":[{"i":{"x":[0.833],"y":[0.833]},"o":{"x":[0.167],"y":[0.167]},"t":4,"s":[0]},{"t":49,"s":[100]}],"ix":11},"r":{"a":0,"k":0,"ix":10},"p":{"a":0,"k":[63,326.226,0],"ix":2},"a":{"a":0,"k":[0,0,0],"ix":1},"s":{"a":0,"k":[100,100,100],"ix":6}},"ao":0,"shapes":[{"ty":"gr","it":[{"ind":0,"ty":"sh","ix":1,"ks":{"a":0,"k":{"i":[[0,0],[0,0],[0,0],[0.463,0.24],[0.522,-0.037],[0,0],[0,0],[0.463,-0.24],[0.267,-0.445],[0,0],[0,0],[0,0],[0.019,0.519],[0.293,0.43],[0.271,0.522],[0.445,0.274],[0.525,-0.006],[0,0],[0,0],[0,0],[-0.445,0.274],[-0.226,0.469],[-0.324,0.492],[-0.019,0.519],[0.26,0.451],[0,0],[0,0],[0,0],[-0.463,-0.24],[-0.521,0.034],[-0.288,0],[-0.288,0],[-0.463,0.24],[-0.268,0.444],[0,0],[0,0],[0,0],[-0.019,-0.521],[-0.293,-0.433],[-0.275,-0.53],[-0.445,-0.274],[-0.525,0.006],[0,0],[0,0],[0,0],[0.434,-0.266],[0.227,-0.453],[0.316,-0.489],[0.019,-0.521],[-0.26,-0.453]],"o":[[0,0],[0,0],[-0.267,-0.445],[-0.463,-0.24],[0,0],[0,0],[-0.522,-0.037],[-0.463,0.24],[0,0],[0,0],[0,0],[0.26,-0.451],[-0.019,-0.519],[-0.324,-0.492],[-0.226,-0.469],[-0.445,-0.274],[0,0],[0,0],[0,0],[0.525,0.006],[0.445,-0.274],[0.271,-0.522],[0.293,-0.43],[0.019,-0.519],[0,0],[0,0],[0,0],[0.269,0.443],[0.463,0.24],[0.288,0],[0.288,0],[0.521,0.035],[0.463,-0.24],[0,0],[0,0],[0,0],[-0.26,0.453],[0.019,0.521],[0.316,0.489],[0.226,0.469],[0.445,0.274],[0,0],[0,0],[0,0],[-0.511,0],[-0.434,0.266],[-0.275,0.53],[-0.293,0.433],[-0.019,0.521],[0,0]],"v":[[15.657,15.013],[5.329,20.95],[3.502,17.771],[2.386,16.723],[0.879,16.412],[0,16.412],[-0.879,16.412],[-2.386,16.723],[-3.502,17.771],[-5.343,20.91],[-15.671,15.013],[-13.831,11.915],[-13.463,10.432],[-13.94,8.981],[-14.833,7.459],[-15.861,6.321],[-17.347,5.91],[-21,5.91],[-21,-5.896],[-17.347,-5.896],[-15.861,-6.307],[-14.833,-7.445],[-13.94,-8.967],[-13.463,-10.419],[-13.831,-11.902],[-15.671,-15.04],[-5.288,-20.95],[-3.447,-17.798],[-2.329,-16.754],[-0.824,-16.44],[0.055,-16.44],[0.934,-16.44],[2.44,-16.752],[3.557,-17.798],[5.274,-20.937],[15.602,-15.04],[13.776,-11.915],[13.408,-10.426],[13.886,-8.967],[14.778,-7.445],[15.806,-6.307],[17.292,-5.896],[21,-5.896],[21,5.91],[17.292,5.91],[15.846,6.318],[14.833,7.418],[13.94,8.94],[13.463,10.399],[13.831,11.888]],"c":true},"ix":2},"nm":"Path 1","mn":"ADBE Vector Shape - Group","hd":false},{"ind":1,"ty":"sh","ix":2,"ks":{"a":0,"k":{"i":[[-1.611,-1.064],[-1.938,0.003],[0,0],[-1.83,1.8],[-0.015,2.553],[1.067,1.6],[1.786,0.742],[1.902,-0.367],[1.374,-1.351],[0.381,-1.879],[-0.74,-1.771]],"o":[[1.611,1.064],[0,0],[2.58,0],[1.83,-1.8],[0.014,-1.917],[-1.067,-1.6],[-1.786,-0.742],[-1.902,0.367],[-1.374,1.351],[-0.381,1.879],[0.74,1.771]],"v":[[-5.444,8.045],[0,9.674],[0,9.674],[6.886,6.863],[9.765,0.068],[8.15,-5.326],[3.773,-8.919],[-1.884,-9.495],[-6.909,-6.859],[-9.601,-1.904],[-9.051,3.695]],"c":true},"ix":2},"nm":"Path 2","mn":"ADBE Vector Shape - Group","hd":false},{"ty":"mm","mm":1,"nm":"Merge Paths 1","mn":"ADBE Vector Filter - Merge","hd":false},{"ty":"fl","c":{"a":0,"k":[0.862500011921,0.862500011921,0.862500011921,1],"ix":4},"o":{"a":0,"k":100,"ix":5},"r":1,"bm":0,"nm":"Fill 1","mn":"ADBE Vector Graphic - Fill","hd":false},{"ty":"tr","p":{"a":0,"k":[0,0],"ix":2},"a":{"a":0,"k":[0,0],"ix":1},"s":{"a":0,"k":[300,300],"ix":3},"r":{"a":0,"k":0,"ix":6},"o":{"a":0,"k":100,"ix":7},"sk":{"a":0,"k":0,"ix":4},"sa":{"a":0,"k":0,"ix":5},"nm":"Transform"}],"nm":"Vector","np":4,"cix":2,"bm":0,"ix":1,"mn":"ADBE Vector Group","hd":false}],"ip":0,"op":300,"st":0,"bm":0},{"ddd":0,"ind":9,"ty":4,"nm":"Vector","sr":1,"ks":{"o":{"a":1,"k":[{"i":{"x":[0.833],"y":[0.833]},"o":{"x":[0.167],"y":[0.167]},"t":37,"s":[0]},{"t":82,"s":[100]}],"ix":11},"r":{"a":0,"k":0,"ix":10},"p":{"a":0,"k":[382.5,64.347,0],"ix":2},"a":{"a":0,"k":[0,0,0],"ix":1},"s":{"a":0,"k":[100,100,100],"ix":6}},"ao":0,"shapes":[{"ty":"gr","it":[{"ind":0,"ty":"sh","ix":1,"ks":{"a":0,"k":{"i":[[0,0],[0,0],[0,0],[0.53,0],[0.454,-0.275],[0.262,-0.146],[0.262,-0.127],[0.295,-0.439],[0.019,-0.529],[0,0],[0,0],[0,0],[0.267,0.459],[0.468,0.249],[0.495,0.341],[0.526,0.034],[0.465,-0.248],[0,0],[0,0],[0,0],[-0.263,0.458],[0.009,0.528],[-0.058,0.598],[0.234,0.475],[0.444,0.286],[0,0],[0,0],[0,0],[-0.527,0],[-0.449,0.277],[-0.262,0.146],[-0.272,0.127],[-0.295,0.442],[-0.019,0.531],[0,0],[0,0],[0,0],[-0.267,-0.458],[-0.464,-0.254],[-0.489,-0.352],[-0.528,-0.034],[-0.467,0.25],[0,0],[0,0],[0,0],[0.263,-0.456],[-0.007,-0.527],[0.058,-0.598],[-0.234,-0.477],[-0.446,-0.287]],"o":[[0,0],[0,0],[-0.454,-0.275],[-0.53,0],[-0.252,0.156],[-0.262,0.146],[-0.481,0.216],[-0.295,0.439],[0,0],[0,0],[0,0],[0.013,-0.531],[-0.267,-0.459],[-0.553,-0.321],[-0.429,-0.306],[-0.526,-0.034],[0,0],[0,0],[0,0],[0.46,-0.257],[0.263,-0.458],[-0.02,-0.601],[0.043,-0.528],[-0.234,-0.475],[0,0],[0,0],[0,0],[0.449,0.277],[0.527,0],[0.252,-0.156],[0.262,-0.146],[0.482,-0.22],[0.295,-0.442],[0,0],[0,0],[0,0],[-0.007,0.53],[0.267,0.458],[0.525,0.296],[0.431,0.308],[0.528,0.034],[0,0],[0,0],[0,0],[-0.458,0.256],[-0.263,0.456],[0.02,0.601],[-0.045,0.53],[0.234,0.477],[0,0]],"v":[[21.17,6.063],[14.799,16.311],[11.686,14.413],[10.183,13.993],[8.68,14.413],[7.913,14.851],[7.118,15.26],[5.931,16.261],[5.45,17.741],[5.334,21.449],[-6.682,21.07],[-6.565,17.371],[-6.954,15.856],[-8.078,14.773],[-9.601,13.8],[-11.062,13.279],[-12.578,13.605],[-15.827,15.347],[-21.5,4.72],[-18.271,2.929],[-17.166,1.837],[-16.777,0.331],[-16.719,-1.47],[-17.011,-3.002],[-18.048,-4.165],[-21.18,-6.112],[-14.847,-16.359],[-11.696,-14.413],[-10.202,-13.989],[-8.709,-14.413],[-7.942,-14.851],[-7.147,-15.25],[-5.959,-16.263],[-5.479,-17.751],[-5.363,-21.449],[6.643,-21.079],[6.527,-17.381],[6.924,-15.871],[8.039,-14.783],[9.562,-13.81],[11.028,-13.286],[12.549,-13.615],[15.788,-15.357],[21.5,-4.73],[18.261,-2.978],[17.159,-1.89],[16.767,-0.389],[16.709,1.411],[16.998,2.949],[18.038,4.117]],"c":true},"ix":2},"nm":"Path 1","mn":"ADBE Vector Shape - Group","hd":false},{"ind":1,"ty":"sh","ix":2,"ks":{"a":0,"k":{"i":[[-1.938,-0.189],[-1.716,0.923],[-0.819,1.004],[-0.374,1.242],[0.129,1.291],[0.612,1.143],[1.718,0.919],[1.937,-0.194],[1.504,-1.241],[0.563,-1.87],[-0.567,-1.869],[-1.507,-1.238]],"o":[[1.938,0.189],[1.14,-0.612],[0.819,-1.004],[0.374,-1.242],[-0.129,-1.291],[-0.92,-1.722],[-1.718,-0.919],[-1.937,0.194],[-1.504,1.241],[-0.563,1.87],[0.567,1.869],[1.507,1.238]],"v":[[-0.92,9.826],[4.684,8.7],[7.652,6.253],[9.459,2.852],[9.831,-0.985],[8.709,-4.671],[4.663,-8.722],[-0.943,-9.834],[-6.221,-7.634],[-9.39,-2.861],[-9.383,2.874],[-6.202,7.638]],"c":true},"ix":2},"nm":"Path 2","mn":"ADBE Vector Shape - Group","hd":false},{"ty":"mm","mm":1,"nm":"Merge Paths 1","mn":"ADBE Vector Filter - Merge","hd":false},{"ty":"fl","c":{"a":0,"k":[0.862500011921,0.862500011921,0.862500011921,1],"ix":4},"o":{"a":0,"k":100,"ix":5},"r":1,"bm":0,"nm":"Fill 1","mn":"ADBE Vector Graphic - Fill","hd":false},{"ty":"tr","p":{"a":0,"k":[0,0],"ix":2},"a":{"a":0,"k":[0,0],"ix":1},"s":{"a":0,"k":[300,300],"ix":3},"r":{"a":0,"k":0,"ix":6},"o":{"a":0,"k":100,"ix":7},"sk":{"a":0,"k":0,"ix":4},"sa":{"a":0,"k":0,"ix":5},"nm":"Transform"}],"nm":"Vector","np":4,"cix":2,"bm":0,"ix":1,"mn":"ADBE Vector Group","hd":false}],"ip":0,"op":300,"st":0,"bm":0}]}],"layers":[{"ddd":0,"ind":1,"ty":3,"nm":"▽ Group 23322","sr":1,"ks":{"o":{"a":0,"k":100,"ix":11},"r":{"a":0,"k":0,"ix":10},"p":{"a":0,"k":[500,500,0],"ix":2},"a":{"a":0,"k":[462,256.5,0],"ix":1},"s":{"a":0,"k":[100,100,100],"ix":6}},"ao":0,"ip":0,"op":300,"st":0,"bm":0},{"ddd":0,"ind":2,"ty":3,"nm":"▽ freepik--Gears--inject-52","parent":1,"sr":1,"ks":{"o":{"a":0,"k":100,"ix":11},"r":{"a":0,"k":0,"ix":10},"p":{"a":0,"k":[471.056,253.86,0],"ix":2},"a":{"a":0,"k":[382.479,204.101,0],"ix":1},"s":{"a":0,"k":[100,100,100],"ix":6}},"ao":0,"ip":0,"op":300,"st":0,"bm":0},{"ddd":0,"ind":3,"ty":4,"nm":"Ellipse 20","parent":2,"sr":1,"ks":{"o":{"a":1,"k":[{"i":{"x":[0.833],"y":[0.833]},"o":{"x":[0.167],"y":[0.167]},"t":70,"s":[0]},{"t":90,"s":[100]}],"ix":11},"r":{"a":0,"k":0,"ix":10},"p":{"a":0,"k":[635.922,128.741,0],"ix":2},"a":{"a":0,"k":[0,0,0],"ix":1},"s":{"a":1,"k":[{"i":{"x":[0.833,0.833,0.833],"y":[0.833,0.833,0.833]},"o":{"x":[0.167,0.167,0.167],"y":[0.167,0.167,0.167]},"t":70,"s":[0,0,100]},{"t":90,"s":[100,100,100]}],"ix":6,"x":"var $bm_rt;\nvar amp, freq, decay, n, time_max, n, t, t, v;\namp = 0.1;\nfreq = 2;\ndecay = 2;\nn = 0;\n$bm_rt = time_max = 4;\nif (numKeys > 0) {\n    $bm_rt = n = nearestKey(time).index;\n    if (key(n).time > time) {\n        n--;\n    }\n}\nif (n == 0) {\n    $bm_rt = t = 0;\n} else {\n    $bm_rt = t = $bm_sub(time, key(n).time);\n}\nif (n > 0 && t < time_max) {\n    v = velocityAtTime($bm_sub(key(n).time, $bm_div(thisComp.frameDuration, 10)));\n    $bm_rt = $bm_sum(value, $bm_div($bm_mul($bm_mul(v, amp), Math.sin($bm_mul($bm_mul($bm_mul(freq, t), 2), Math.PI))), Math.exp($bm_mul(decay, t))));\n} else {\n    $bm_rt = value;\n}"}},"ao":0,"shapes":[{"ty":"gr","it":[{"d":1,"ty":"el","s":{"a":0,"k":[21,21],"ix":2},"p":{"a":0,"k":[0,0],"ix":3},"nm":"Ellipse Path 1","mn":"ADBE Vector Shape - Ellipse","hd":false},{"ty":"fl","c":{"a":0,"k":[1,1,1,1],"ix":4},"o":{"a":0,"k":100,"ix":5},"r":1,"bm":0,"nm":"Fill 1","mn":"ADBE Vector Graphic - Fill","hd":false},{"ty":"tr","p":{"a":0,"k":[0,0],"ix":2},"a":{"a":0,"k":[0,0],"ix":1},"s":{"a":0,"k":[300,300],"ix":3},"r":{"a":0,"k":0,"ix":6},"o":{"a":0,"k":100,"ix":7},"sk":{"a":0,"k":0,"ix":4},"sa":{"a":0,"k":0,"ix":5},"nm":"Transform"}],"nm":"Ellipse 20","np":2,"cix":2,"bm":0,"ix":1,"mn":"ADBE Vector Group","hd":false}],"ip":0,"op":300,"st":0,"bm":0},{"ddd":0,"ind":4,"ty":4,"nm":"Vector","parent":2,"sr":1,"ks":{"o":{"a":1,"k":[{"i":{"x":[0.833],"y":[0.833]},"o":{"x":[0.167],"y":[0.167]},"t":13,"s":[0]},{"t":33,"s":[100]}],"ix":11,"x":"var $bm_rt;\n$bm_rt = transform.opacity;"},"r":{"a":1,"k":[{"i":{"x":[0.667],"y":[1]},"o":{"x":[0.167],"y":[0.167]},"t":30,"s":[0]},{"i":{"x":[0.667],"y":[1]},"o":{"x":[0.167],"y":[0]},"t":70,"s":[45]},{"i":{"x":[0.667],"y":[1]},"o":{"x":[0.167],"y":[0.167]},"t":100,"s":[45]},{"t":130,"s":[-15]}],"ix":10},"p":{"a":0,"k":[636.959,127.795,0],"ix":2},"a":{"a":0,"k":[0,0,0],"ix":1},"s":{"a":1,"k":[{"i":{"x":[0.833,0.833,0.833],"y":[0.833,0.833,0.833]},"o":{"x":[0.167,0.167,0.167],"y":[0.167,0.167,0.167]},"t":13,"s":[0,0,100]},{"t":33,"s":[100,100,100]}],"ix":6,"x":"var $bm_rt;\nvar amp, freq, decay, n, time_max, n, t, t, v;\namp = 0.1;\nfreq = 2;\ndecay = 2;\nn = 0;\n$bm_rt = time_max = 2;\nif (numKeys > 0) {\n    $bm_rt = n = nearestKey(time).index;\n    if (key(n).time > time) {\n        n--;\n    }\n}\nif (n == 0) {\n    $bm_rt = t = 0;\n} else {\n    $bm_rt = t = $bm_sub(time, key(n).time);\n}\nif (n > 0 && t < time_max) {\n    v = velocityAtTime($bm_sub(key(n).time, $bm_div(thisComp.frameDuration, 10)));\n    $bm_rt = $bm_sum(value, $bm_div($bm_mul($bm_mul(v, amp), Math.sin($bm_mul($bm_mul($bm_mul(freq, t), 2), Math.PI))), Math.exp($bm_mul(decay, t))));\n} else {\n    $bm_rt = value;\n}"}},"ao":0,"shapes":[{"ty":"gr","it":[{"ind":0,"ty":"sh","ix":1,"ks":{"a":0,"k":{"i":[[0,0],[-0.854,4.476],[0,0],[0,0],[0,0],[2.464,3.735],[0,0],[0,0],[0,0],[4.418,0.992],[0,0],[0,0],[0,0],[3.943,-2.504],[0,0],[0,0],[0,0],[0.99,-4.728],[0,0],[0,0],[0,0],[-2.766,-4.063],[0,0],[0,0],[0,0],[-4.804,-0.86],[0,0],[0,0],[0,0],[-3.889,2.683],[0,0],[0,0]],"o":[[2.523,-3.799],[0,0],[0,0],[0,0],[-0.866,-4.387],[0,0],[0,0],[0,0],[-3.701,-2.604],[0,0],[0,0],[0,0],[-4.611,0.766],[0,0],[0,0],[0,0],[-2.842,3.91],[0,0],[0,0],[0,0],[0.823,4.842],[0,0],[0,0],[0,0],[4.021,2.76],[0,0],[0,0],[0,0],[4.634,-0.935],[0,0],[0,0],[0,0]],"v":[[28.446,19.443],[33.563,6.906],[42.314,6.444],[42.666,-5.399],[33.578,-6.347],[28.536,-18.645],[34.52,-25.271],[26.292,-33.897],[19.224,-28.166],[6.926,-33.614],[6.485,-42.27],[-5.416,-42.584],[-6.321,-33.965],[-19.283,-29.01],[-25.342,-34.465],[-33.982,-26.256],[-28.88,-19.958],[-34.692,-6.854],[-42.352,-6.466],[-42.666,5.414],[-34.976,6.242],[-29.531,19.756],[-34.565,25.316],[-26.337,33.927],[-20.271,29.025],[-6.882,34.517],[-6.485,42.27],[5.416,42.584],[6.276,34.42],[19.194,28.935],[25.335,34.465],[33.982,26.256]],"c":true},"ix":2},"nm":"Path 1","mn":"ADBE Vector Shape - Group","hd":false},{"ty":"rd","nm":"Round Corners 1","r":{"a":0,"k":2,"ix":1},"ix":2,"mn":"ADBE Vector Filter - RC","hd":false},{"ty":"fl","c":{"a":0,"k":[0.254166662693,0.254166662693,0.254166662693,1],"ix":4},"o":{"a":0,"k":100,"ix":5},"r":1,"bm":0,"nm":"Fill 1","mn":"ADBE Vector Graphic - Fill","hd":false},{"ty":"tr","p":{"a":0,"k":[0,0],"ix":2},"a":{"a":0,"k":[0,0],"ix":1},"s":{"a":0,"k":[300,300],"ix":3},"r":{"a":0,"k":0,"ix":6},"o":{"a":0,"k":100,"ix":7},"sk":{"a":0,"k":0,"ix":4},"sa":{"a":0,"k":0,"ix":5},"nm":"Transform"}],"nm":"Vector","np":3,"cix":2,"bm":0,"ix":1,"mn":"ADBE Vector Group","hd":false}],"ip":0,"op":300,"st":0,"bm":0},{"ddd":0,"ind":5,"ty":4,"nm":"?","parent":2,"sr":1,"ks":{"o":{"a":1,"k":[{"i":{"x":[0.833],"y":[0.833]},"o":{"x":[0.167],"y":[0.167]},"t":70,"s":[0]},{"t":90,"s":[100]}],"ix":11},"r":{"a":0,"k":0,"ix":10},"p":{"a":0,"k":[128.922,128.318,0],"ix":2},"a":{"a":0,"k":[0,0,0],"ix":1},"s":{"a":1,"k":[{"i":{"x":[0.833,0.833,0.833],"y":[0.833,0.833,0.833]},"o":{"x":[0.167,0.167,0.167],"y":[0.167,0.167,0.167]},"t":70,"s":[0,0,100]},{"t":90,"s":[100,100,100]}],"ix":6,"x":"var $bm_rt;\nvar amp, freq, decay, n, time_max, n, t, t, v;\namp = 0.1;\nfreq = 2;\ndecay = 2;\nn = 0;\n$bm_rt = time_max = 4;\nif (numKeys > 0) {\n    $bm_rt = n = nearestKey(time).index;\n    if (key(n).time > time) {\n        n--;\n    }\n}\nif (n == 0) {\n    $bm_rt = t = 0;\n} else {\n    $bm_rt = t = $bm_sub(time, key(n).time);\n}\nif (n > 0 && t < time_max) {\n    v = velocityAtTime($bm_sub(key(n).time, $bm_div(thisComp.frameDuration, 10)));\n    $bm_rt = $bm_sum(value, $bm_div($bm_mul($bm_mul(v, amp), Math.sin($bm_mul($bm_mul($bm_mul(freq, t), 2), Math.PI))), Math.exp($bm_mul(decay, t))));\n} else {\n    $bm_rt = value;\n}"}},"ao":0,"shapes":[{"ty":"gr","it":[{"ind":0,"ty":"sh","ix":1,"ks":{"a":0,"k":{"i":[[-0.336,-0.578],[-0.47,-0.34],[0,0],[-1.813,1.701],[0,2.96],[0.537,1.191],[1.007,0.851],[1.444,0.476],[1.813,0],[1.141,-0.204],[0.839,-0.408],[0.47,-0.544],[0,-0.715],[-0.302,-0.51],[-0.47,-0.374],[-1.276,0.374],[-1.376,0],[-0.873,-0.885],[0,-1.123],[0.806,-0.783],[1.544,-0.374],[0,0],[0.436,-0.408],[0,-0.783]],"o":[[0.336,0.578],[0,0],[3.659,-0.851],[1.813,-1.735],[0,-1.429],[-0.504,-1.191],[-1.007,-0.885],[-1.444,-0.476],[-1.376,0],[-1.141,0.204],[-0.806,0.374],[-0.47,0.544],[0,0.681],[0.336,0.476],[0.772,-0.578],[1.276,-0.408],[1.981,0],[0.873,0.851],[0,1.293],[-0.772,0.783],[0,0],[-0.873,0.238],[-0.403,0.408],[0,0.783]],"v":[[-6.622,3.905],[-5.414,5.283],[-0.428,4.16],[7.781,0.332],[10.5,-6.712],[9.694,-10.642],[7.428,-13.705],[3.752,-15.746],[-1.133,-16.461],[-4.91,-16.155],[-7.881,-15.236],[-9.795,-13.858],[-10.5,-11.969],[-10.047,-10.183],[-8.838,-8.907],[-5.766,-10.336],[-1.788,-10.948],[2.493,-9.621],[3.802,-6.661],[2.594,-3.547],[-0.881,-1.812],[-4.558,-0.893],[-6.522,0.077],[-7.126,1.863]],"c":true},"ix":2},"nm":"Path 1","mn":"ADBE Vector Shape - Group","hd":false},{"ind":1,"ty":"sh","ix":2,"ks":{"a":0,"k":{"i":[[0.705,-0.749],[0,-1.123],[-0.705,-0.749],[-1.175,0],[-0.705,0.715],[0,1.089],[0.705,0.749],[1.175,0]],"o":[[-0.705,0.749],[0,1.089],[0.705,0.715],[1.175,0],[0.705,-0.749],[0,-1.123],[-0.705,-0.749],[-1.175,0]],"v":[[-5.514,9.826],[-6.572,12.633],[-5.514,15.389],[-2.694,16.461],[0.126,15.389],[1.183,12.633],[0.126,9.826],[-2.694,8.703]],"c":true},"ix":2},"nm":"Path 2","mn":"ADBE Vector Shape - Group","hd":false},{"ty":"mm","mm":1,"nm":"Merge Paths 1","mn":"ADBE Vector Filter - Merge","hd":false},{"ty":"fl","c":{"a":0,"k":[1,1,1,1],"ix":4},"o":{"a":0,"k":100,"ix":5},"r":1,"bm":0,"nm":"Fill 1","mn":"ADBE Vector Graphic - Fill","hd":false},{"ty":"tr","p":{"a":0,"k":[0,0],"ix":2},"a":{"a":0,"k":[0,0],"ix":1},"s":{"a":0,"k":[300,300],"ix":3},"r":{"a":0,"k":0,"ix":6},"o":{"a":0,"k":100,"ix":7},"sk":{"a":0,"k":0,"ix":4},"sa":{"a":0,"k":0,"ix":5},"nm":"Transform"}],"nm":"?","np":4,"cix":2,"bm":0,"ix":1,"mn":"ADBE Vector Group","hd":false}],"ip":0,"op":300,"st":0,"bm":0},{"ddd":0,"ind":6,"ty":4,"nm":"Vector","parent":2,"sr":1,"ks":{"o":{"a":1,"k":[{"i":{"x":[0.833],"y":[0.833]},"o":{"x":[0.167],"y":[0.167]},"t":7,"s":[0]},{"t":37,"s":[100]}],"ix":11},"r":{"a":1,"k":[{"i":{"x":[0.667],"y":[1]},"o":{"x":[0.333],"y":[0]},"t":30,"s":[0]},{"i":{"x":[0.667],"y":[1]},"o":{"x":[0.299],"y":[0]},"t":71,"s":[45]},{"i":{"x":[0.667],"y":[1]},"o":{"x":[0.415],"y":[0.26]},"t":102,"s":[45]},{"t":131,"s":[-15]}],"ix":10,"x":"var $bm_rt;\nvar e, g, nMax, n, n, t, v, vl, vu, vu, tCur, segDur, tNext, nb, delta;\ne = 0.7;\ng = 5000;\nnMax = 9;\n$bm_rt = n = 0;\nif (numKeys > 0) {\n    $bm_rt = n = nearestKey(time).index;\n    if (key(n).time > time)\n        n--;\n}\nif (n > 0) {\n    t = $bm_sub(time, key(n).time);\n    v = $bm_mul($bm_neg(velocityAtTime($bm_sub(key(n).time, 0.001))), e);\n    vl = length(v);\n    if ($bm_isInstanceOfArray(value)) {\n        vu = vl > 0 ? normalize(v) : [\n            0,\n            0,\n            0\n        ];\n    } else {\n        vu = v < 0 ? -1 : 1;\n    }\n    tCur = 0;\n    segDur = $bm_div($bm_mul(2, vl), g);\n    tNext = segDur;\n    nb = 1;\n    while (tNext < t && nb <= nMax) {\n        vl *= e;\n        segDur *= e;\n        tCur = tNext;\n        tNext = $bm_sum(tNext, segDur);\n        nb++;\n    }\n    if (nb <= nMax) {\n        delta = $bm_sub(t, tCur);\n        $bm_rt = $bm_sum(value, $bm_mul($bm_mul(vu, delta), $bm_sub(vl, $bm_div($bm_mul(g, delta), 2))));\n    } else {\n        $bm_rt = value;\n    }\n} else {\n    $bm_rt = value;\n}"},"p":{"a":0,"k":[127.953,127.706,0],"ix":2},"a":{"a":0,"k":[0,0,0],"ix":1},"s":{"a":1,"k":[{"i":{"x":[0.833,0.833,0.833],"y":[0.833,0.833,0.833]},"o":{"x":[0.167,0.167,0.167],"y":[0.167,0.167,0.167]},"t":7,"s":[0,0,100]},{"t":27,"s":[100,100,100]}],"ix":6,"x":"var $bm_rt;\nvar amp, freq, decay, n, time_max, n, t, t, v;\namp = 0.1;\nfreq = 2;\ndecay = 2;\nn = 0;\n$bm_rt = time_max = 2;\nif (numKeys > 0) {\n    $bm_rt = n = nearestKey(time).index;\n    if (key(n).time > time) {\n        n--;\n    }\n}\nif (n == 0) {\n    $bm_rt = t = 0;\n} else {\n    $bm_rt = t = $bm_sub(time, key(n).time);\n}\nif (n > 0 && t < time_max) {\n    v = velocityAtTime($bm_sub(key(n).time, $bm_div(thisComp.frameDuration, 10)));\n    $bm_rt = $bm_sum(value, $bm_div($bm_mul($bm_mul(v, amp), Math.sin($bm_mul($bm_mul($bm_mul(freq, t), 2), Math.PI))), Math.exp($bm_mul(decay, t))));\n} else {\n    $bm_rt = value;\n}"}},"ao":0,"shapes":[{"ty":"gr","it":[{"ind":0,"ty":"sh","ix":1,"ks":{"a":0,"k":{"i":[[0,0],[-0.854,4.476],[0,0],[0,0],[0,0],[2.464,3.735],[0,0],[0,0],[0,0],[4.433,0.991],[0,0],[0,0],[0,0],[3.943,-2.504],[0,0],[0,0],[0,0],[0.989,-4.727],[0,0],[0,0],[0,0],[-2.763,-4.064],[0,0],[0,0],[0,0],[-4.804,-0.86],[0,0],[0,0],[0,0],[-3.894,2.668],[0,0],[0,0]],"o":[[2.523,-3.799],[0,0],[0,0],[0,0],[-0.866,-4.387],[0,0],[0,0],[0,0],[-3.71,-2.615],[0,0],[0,0],[0,0],[-4.611,0.766],[0,0],[0,0],[0,0],[-2.837,3.912],[0,0],[0,0],[0,0],[0.825,4.841],[0,0],[0,0],[0,0],[4.021,2.76],[0,0],[0,0],[0,0],[4.633,-0.921],[0,0],[0,0],[0,0]],"v":[[28.461,19.473],[33.578,6.936],[42.337,6.503],[42.651,-5.369],[33.563,-6.317],[28.521,-18.615],[34.505,-25.241],[26.315,-33.868],[19.239,-28.137],[6.904,-33.599],[6.463,-42.255],[-5.438,-42.569],[-6.343,-33.95],[-19.306,-28.995],[-25.365,-34.45],[-34.004,-26.241],[-28.873,-19.928],[-34.677,-6.824],[-42.337,-6.436],[-42.651,5.444],[-34.962,6.272],[-29.516,19.786],[-34.55,25.346],[-26.322,33.957],[-20.256,29.054],[-6.867,34.547],[-6.433,42.255],[5.423,42.569],[6.283,34.405],[19.209,28.965],[25.35,34.494],[33.997,26.286]],"c":true},"ix":2},"nm":"Path 1","mn":"ADBE Vector Shape - Group","hd":false},{"ty":"rd","nm":"Round Corners 1","r":{"a":0,"k":2,"ix":1},"ix":2,"mn":"ADBE Vector Filter - RC","hd":false},{"ty":"fl","c":{"a":0,"k":[0.30980392156862746,0.3215686274509804,0.3411764705882353,1],"ix":4},"o":{"a":0,"k":100,"ix":5},"r":1,"bm":0,"nm":"Fill 1","mn":"ADBE Vector Graphic - Fill","hd":false},{"ty":"tr","p":{"a":0,"k":[0,0],"ix":2},"a":{"a":0,"k":[0,0],"ix":1},"s":{"a":0,"k":[300,300],"ix":3},"r":{"a":0,"k":0,"ix":6},"o":{"a":0,"k":100,"ix":7},"sk":{"a":0,"k":0,"ix":4},"sa":{"a":0,"k":0,"ix":5},"nm":"Transform"}],"nm":"Vector","np":3,"cix":2,"bm":0,"ix":1,"mn":"ADBE Vector Group","hd":false}],"ip":0,"op":300,"st":0,"bm":0},{"ddd":0,"ind":7,"ty":4,"nm":"!","parent":2,"sr":1,"ks":{"o":{"a":1,"k":[{"i":{"x":[0.833],"y":[0.833]},"o":{"x":[0.167],"y":[0.167]},"t":70,"s":[0]},{"t":90,"s":[100]}],"ix":11},"r":{"a":0,"k":0,"ix":10},"p":{"a":0,"k":[385.422,253.085,0],"ix":2},"a":{"a":0,"k":[0,0,0],"ix":1},"s":{"a":1,"k":[{"i":{"x":[0.833,0.833,0.833],"y":[0.833,0.833,0.833]},"o":{"x":[0.167,0.167,0.167],"y":[0.167,0.167,0.167]},"t":70,"s":[0,0,100]},{"t":90,"s":[100,100,100]}],"ix":6,"x":"var $bm_rt;\nvar amp, freq, decay, n, time_max, n, t, t, v;\namp = 0.1;\nfreq = 2;\ndecay = 2;\nn = 0;\n$bm_rt = time_max = 4;\nif (numKeys > 0) {\n    $bm_rt = n = nearestKey(time).index;\n    if (key(n).time > time) {\n        n--;\n    }\n}\nif (n == 0) {\n    $bm_rt = t = 0;\n} else {\n    $bm_rt = t = $bm_sub(time, key(n).time);\n}\nif (n > 0 && t < time_max) {\n    v = velocityAtTime($bm_sub(key(n).time, $bm_div(thisComp.frameDuration, 10)));\n    $bm_rt = $bm_sum(value, $bm_div($bm_mul($bm_mul(v, amp), Math.sin($bm_mul($bm_mul($bm_mul(freq, t), 2), Math.PI))), Math.exp($bm_mul(decay, t))));\n} else {\n    $bm_rt = value;\n}"}},"ao":0,"shapes":[{"ty":"gr","it":[{"ind":0,"ty":"sh","ix":1,"ks":{"a":0,"k":{"i":[[-0.043,1.996],[0,1.225],[0.736,0.681],[1.299,0],[1.385,-0.862],[-0.043,-2.495],[-0.087,-2.495],[-0.13,-2.178],[-0.13,-1.18],[-0.606,-0.363],[-0.909,0],[-0.606,0.136],[-0.346,0.272],[-0.13,2.314],[-0.087,2.269]],"o":[[0.043,-2.042],[0,-1.361],[-0.736,-0.681],[-1.688,0],[0,1.815],[0.043,2.45],[0.087,2.45],[0.13,2.132],[0.13,0.907],[0.649,0.318],[0.519,0],[0.649,-0.181],[0.216,-1.815],[0.173,-2.359],[0.087,-2.314]],"v":[[4.221,-12.965],[4.286,-17.865],[3.182,-20.927],[0.13,-21.948],[-4.481,-20.655],[-4.416,-14.19],[-4.221,-6.772],[-3.896,0.17],[-3.507,5.138],[-2.403,7.044],[-0.065,7.52],[1.623,7.316],[3.117,6.635],[3.636,0.442],[4.026,-6.499]],"c":true},"ix":2},"nm":"Path 1","mn":"ADBE Vector Shape - Group","hd":false},{"ind":1,"ty":"sh","ix":2,"ks":{"a":0,"k":{"i":[[0.909,-0.998],[0,-1.497],[-0.909,-0.998],[-1.515,0],[-0.909,0.953],[0,1.497],[0.909,0.953],[1.515,0]],"o":[[-0.909,0.953],[0,1.497],[0.909,0.953],[1.515,0],[0.909,-0.998],[0,-1.497],[-0.909,-0.998],[-1.515,0]],"v":[[-3.636,13.101],[-5,16.776],[-3.636,20.519],[0,21.948],[3.636,20.519],[5,16.776],[3.636,13.101],[0,11.603]],"c":true},"ix":2},"nm":"Path 2","mn":"ADBE Vector Shape - Group","hd":false},{"ty":"mm","mm":1,"nm":"Merge Paths 1","mn":"ADBE Vector Filter - Merge","hd":false},{"ty":"fl","c":{"a":0,"k":[1,1,1,1],"ix":4},"o":{"a":0,"k":100,"ix":5},"r":1,"bm":0,"nm":"Fill 1","mn":"ADBE Vector Graphic - Fill","hd":false},{"ty":"tr","p":{"a":0,"k":[0,0],"ix":2},"a":{"a":0,"k":[0,0],"ix":1},"s":{"a":0,"k":[300,300],"ix":3},"r":{"a":0,"k":0,"ix":6},"o":{"a":0,"k":100,"ix":7},"sk":{"a":0,"k":0,"ix":4},"sa":{"a":0,"k":0,"ix":5},"nm":"Transform"}],"nm":"!","np":4,"cix":2,"bm":0,"ix":1,"mn":"ADBE Vector Group","hd":false}],"ip":0,"op":300,"st":0,"bm":0},{"ddd":0,"ind":8,"ty":4,"nm":"Vector","parent":2,"sr":1,"ks":{"o":{"a":1,"k":[{"i":{"x":[0.833],"y":[0.833]},"o":{"x":[0.167],"y":[0.167]},"t":0,"s":[0]},{"t":30,"s":[100]}],"ix":11},"r":{"a":1,"k":[{"i":{"x":[0.667],"y":[1]},"o":{"x":[0.167],"y":[0.167]},"t":30,"s":[0]},{"i":{"x":[0.667],"y":[1]},"o":{"x":[0.167],"y":[0]},"t":70,"s":[-45]},{"i":{"x":[0.667],"y":[1]},"o":{"x":[0.167],"y":[0.167]},"t":102,"s":[-45]},{"t":131,"s":[15]}],"ix":10},"p":{"a":0,"k":[382.916,253.274,0],"ix":2},"a":{"a":0,"k":[0,0,0],"ix":1},"s":{"a":1,"k":[{"i":{"x":[0.833,0.833,0.833],"y":[0.833,0.833,0.833]},"o":{"x":[0.167,0.167,0.167],"y":[0.167,0.167,0.167]},"t":0,"s":[0,0,100]},{"t":20,"s":[100,100,100]}],"ix":6,"x":"var $bm_rt;\nvar amp, freq, decay, n, time_max, n, t, t, v;\namp = 0.1;\nfreq = 2;\ndecay = 2;\nn = 0;\n$bm_rt = time_max = 2;\nif (numKeys > 0) {\n    $bm_rt = n = nearestKey(time).index;\n    if (key(n).time > time) {\n        n--;\n    }\n}\nif (n == 0) {\n    $bm_rt = t = 0;\n} else {\n    $bm_rt = t = $bm_sub(time, key(n).time);\n}\nif (n > 0 && t < time_max) {\n    v = velocityAtTime($bm_sub(key(n).time, $bm_div(thisComp.frameDuration, 10)));\n    $bm_rt = $bm_sum(value, $bm_div($bm_mul($bm_mul(v, amp), Math.sin($bm_mul($bm_mul($bm_mul(freq, t), 2), Math.PI))), Math.exp($bm_mul(decay, t))));\n} else {\n    $bm_rt = value;\n}"}},"ao":0,"shapes":[{"ty":"gr","it":[{"ind":0,"ty":"sh","ix":1,"ks":{"a":0,"k":{"i":[[0,0],[-0.459,4.201],[0,0],[0,0],[0,0],[1.692,3.855],[0,0],[0,0],[0,0],[3.413,2.505],[0,0],[0,0],[0,0],[4.208,0.452],[0,0],[0,0],[0,0],[3.873,-1.69],[0,0],[0,0],[0,0],[2.505,-3.41],[0,0],[0,0],[0,0],[0.46,-4.203],[0,0],[0,0],[0,0],[-1.709,-3.866],[0,0],[0,0],[0,0],[-3.412,-2.502],[0,0],[0,0],[0,0],[-4.207,-0.46],[0,0],[0,0],[0,0],[-3.876,1.701],[0,0],[0,0],[0,0],[-2.507,3.408],[0,0],[0,0]],"o":[[1.683,-3.877],[0,0],[0,0],[0,0],[-0.47,-4.183],[0,0],[0,0],[0,0],[-2.539,-3.383],[0,0],[0,0],[0,0],[-3.883,-1.68],[0,0],[0,0],[0,0],[-4.2,0.477],[0,0],[0,0],[0,0],[-3.397,2.527],[0,0],[0,0],[0,0],[-1.683,3.88],[0,0],[0,0],[0,0],[0.483,4.197],[0,0],[0,0],[0,0],[2.539,3.381],[0,0],[0,0],[0,0],[3.886,1.673],[0,0],[0,0],[0,0],[4.207,-0.48],[0,0],[0,0],[0,0],[3.395,-2.529],[0,0],[0,0],[0,0]],"v":[[39.292,16.861],[42.524,4.675],[51.777,3.757],[51.777,-4.071],[42.471,-5.003],[39.21,-17.13],[46.772,-22.54],[42.853,-29.323],[34.341,-25.487],[25.365,-34.368],[29.187,-42.83],[22.403,-46.747],[16.95,-39.188],[4.742,-42.404],[3.815,-51.643],[-4.024,-51.643],[-4.944,-42.382],[-17.122,-39.114],[-22.545,-46.65],[-29.337,-42.733],[-25.552,-34.263],[-34.453,-25.308],[-42.935,-29.129],[-46.862,-22.361],[-39.277,-16.928],[-42.509,-4.735],[-51.777,-3.817],[-51.777,4.004],[-42.449,4.959],[-39.143,17.122],[-46.705,22.54],[-42.801,29.256],[-34.296,25.495],[-25.32,34.368],[-29.142,42.837],[-22.35,46.747],[-16.905,39.188],[-4.697,42.404],[-3.77,51.643],[4.069,51.643],[4.997,42.352],[17.189,39.061],[22.62,46.591],[29.411,42.688],[25.567,34.196],[34.468,25.241],[42.95,29.069],[46.877,22.294]],"c":true},"ix":2},"nm":"Path 1","mn":"ADBE Vector Shape - Group","hd":false},{"ty":"rd","nm":"Round Corners 1","r":{"a":0,"k":2,"ix":1},"ix":2,"mn":"ADBE Vector Filter - RC","hd":false},{"ty":"fl","c":{"a":0,"k":[0.9529411764705882,0.09019607843137255,0,1],"ix":4},"o":{"a":0,"k":100,"ix":5},"r":1,"bm":0,"nm":"Fill 1","mn":"ADBE Vector Graphic - Fill","hd":false},{"ty":"tr","p":{"a":0,"k":[0,0],"ix":2},"a":{"a":0,"k":[0,0],"ix":1},"s":{"a":0,"k":[300,300],"ix":3},"r":{"a":0,"k":0,"ix":6},"o":{"a":0,"k":100,"ix":7},"sk":{"a":0,"k":0,"ix":4},"sa":{"a":0,"k":0,"ix":5},"nm":"Transform"}],"nm":"Vector","np":3,"cix":2,"bm":0,"ix":1,"mn":"ADBE Vector Group","hd":false}],"ip":0,"op":300,"st":0,"bm":0},{"ddd":0,"ind":11,"ty":0,"nm":"background","refId":"comp_0","sr":1,"ks":{"o":{"a":1,"k":[{"i":{"x":[0.833],"y":[0.833]},"o":{"x":[0.167],"y":[0.167]},"t":30,"s":[0]},{"t":132,"s":[100]}],"ix":11},"r":{"a":0,"k":0,"ix":10},"p":{"a":0,"k":[500,500,0],"ix":2},"a":{"a":0,"k":[462,256.5,0],"ix":1},"s":{"a":0,"k":[100,100,100],"ix":6}},"ao":0,"w":924,"h":513,"ip":0,"op":300,"st":0,"bm":0}],"markers":[]}